{
	"serviceProviderConnections": {
		"azureStorageBlob": {
			"displayName": "azureStorageBlob",
			"parameterSetName": "ManagedServiceIdentity",
			"parameterValues": {
				"authProvider": {
					"Type": "ManagedServiceIdentity"
				},
				"blobStorageEndpoint": "@appsetting('azureStorageBlobEndpoint')"
			},
			"serviceProvider": {
				"id": "/serviceProviders/AzureBlob"
			}
		},
		"serviceBusPublish": {
			"parameterValues": {
				"connectionString": "@appsetting('serviceBusPublishConnectionString')"
			},
			"serviceProvider": {
				"id": "/serviceProviders/serviceBus"
			},
			"displayName": "servicebuspublish"
		},
		"serviceBusSubscribe": {
			"parameterValues": {
				"connectionString": "@appsetting('serviceBusSubscribeConnectionString')"
			},
			"serviceProvider": {
				"id": "/serviceProviders/serviceBus"
			},
			"displayName": "servicebussubscribe"
		},
		"sqlServer": {
			"parameterValues": {
				"connectionString": "@appsetting('dbConnectionString')"
			},
			"serviceProvider": {
				"id": "/serviceProviders/sql"
			},
			"displayName": "sqlserver"
		}
	},
	"managedApiConnections": {
	}
}