{
  "IsEncrypted": false,
  "Values": {
    "AzureWebJobsStorage": "UseDevelopmentStorage=true",
    "FUNCTIONS_WORKER_RUNTIME": "node",
    "WORKFLOWS_TENANT_ID": "",
    "WORKFLOWS_SUBSCRIPTION_ID": "",
    "WORKFLOWS_RESOURCE_GROUP_NAME": "",
    "WORKFLOWS_LOCATION_NAME": "",
    "WORKFLOWS_MANAGEMENT_BASE_URI": "https://management.azure.com/",
    "apimBaseUrl": "",
    "apimSubscriptionKey": "",
    "serviceBusPublishConnectionString": "",
    "serviceBusSubscribeConnectionString": "",
    "serviceBusSubscribeConnectionName": "",
    "serviceBusSubscribeConnectionApiId": "",
    "serviceBusSubscribeConnectionResourceId": "",
    "serviceBusSubscribeConnectionRuntimeUrl": "",
    "serviceBusSubscribeConnectionKey": ""
  }
}
